{
  "title": "Organization Name Abbreviation Examples",
  "description": "Real API examples showing how organization names are converted to abbreviations in problem IDs",

  "abbreviation_examples": [
    {
      "organization_name": "Portland Community Center",
      "abbreviation": "PCC",
      "logic": "Took first letter of each significant word (Portland, Community, Center)",
      "sample_problem_id": "IPCCF3CA48"
    },
    {
      "organization_name": "Riverside Animal Shelter Foundation", 
      "abbreviation": "RASF",
      "logic": "First letter of each word (Riverside, Animal, Shelter, Foundation)",
      "sample_problem_id": "IRASFC6A99B"
    },
    {
      "organization_name": "The Food Bank of Central Valley",
      "abbreviation": "FBCV", 
      "logic": "Skipped common words 'The' and 'of', took significant words (Food, Bank, Central, Valley)",
      "sample_problem_id": "IFBCVA6847F"
    }
  ],

  "abbreviation_rules": {
    "skip_words": ["the", "and", "of", "for", "in", "on", "at", "to", "a", "an"],
    "max_length": "4 characters",
    "case": "UPPERCASE",
    "fallback": "If no significant words found, use first 3 characters of original name"
  },

  "problem_id_format": {
    "structure": "I + [ORG_ABBREV] + [UNIQUE_SUFFIX]",
    "examples": {
      "with_organization": "IPCCF3CA48 (I + PCC + F3CA48)",
      "without_organization": "I6847F (I + 6847F)"
    },
    "unique_suffix": "6-character hexadecimal from UUID to ensure uniqueness"
  },

  "use_cases": {
    "enhanced_analysis_only": "Organization abbreviations are only used in enhanced analysis with interactive questioning",
    "simple_analysis": "Simple analysis uses basic format without organization abbreviation",
    "identification": "Makes it easy to identify which organization a problem ID belongs to"
  }
}